"Sample_name","TACGGAGGGTGCAAGCGTTAATCGGAATTACTGGGCGTAAAGCGCACGCAGGCGGTTGGATAAGTTAGATGTGAAAGCCCCGGGCTCAACCTGGGAATTGCATTTAAAACTGTCCAGCTAGAGTCTTGTAGAGGGGGGTAGAATTCCAGGTGTAGCGGTGAAATGCGTAGAGATCTGGAGGAATACCGGTGGCGAAGGCGGCCCCCTGGACAAAGACTGACGCTCAGGTGCGAAAGCGTGGGGAGCAAACA"
"ERR3458554",0
"ERR3458555",0.005407082
"ERR3458556",0
"ERR3458557",0.017415447
"ERR3458590",0.032027818
"ERR3458591",0.057205894
"ERR3458592",0.031783402
"ERR3458593",0.063480366
"ERR3458642",0.04445284
"ERR3458643",0.027862518
"ERR3458645",0.001425282
"ERR3458674",0.013902881
"ERR3458675",0.04526749
"ERR3458676",0.034183511
"ERR3458677",0
"ERR3458746",0.060382916
"ERR3458747",0.103802817
"ERR3458748",0.137266169
"ERR3458749",0.015520072
